Skills,Interests,Budget,Startup Idea
"Web Development","E-commerce",5000,"Build a niche online marketplace for handmade sustainable products."
"Data Science, AI","Healthcare",20000,"Develop an AI-powered health assistant for remote patient monitoring."
"Graphic Design","Social Media Marketing",1000,"Create a subscription-based design service for small businesses."
"Robotics, IoT","Smart Homes",50000,"Launch a startup selling DIY smart home kits with automation tools."
"Mobile App Development","Fitness & Wellness",15000,"Develop a habit-tracking mobile app with AI-driven coaching."
"Blockchain","Finance",30000,"Create a decentralized lending platform for microloans."
"Cybersecurity","SaaS",10000,"Offer a cloud-based cybersecurity audit service for small businesses."
"Game Development","Education",8000,"Build an interactive learning platform using gamification."
"AR/VR","Tourism",25000,"Develop a virtual reality travel experience for remote exploration."
"Digital Marketing","Local Businesses",5000,"Offer AI-driven local marketing automation for brick-and-mortar stores."
"3D Printing","Manufacturing",20000,"Start an on-demand 3D printing service for custom prototypes and parts."
"Renewable Energy","Sustainability",40000,"Create a solar energy optimization software for businesses and homes."
"Content Writing","Affiliate Marketing",2000,"Launch a niche blog with high-converting affiliate partnerships."
"Video Editing","YouTube, Social Media",5000,"Start a remote video editing service for content creators."
"Legal Consulting","Startups",25000,"Provide an AI-powered legal document automation service."
"EdTech","STEM Education",10000,"Build an online STEM education platform with interactive courses."
"Fashion Design","Sustainable Clothing",30000,"Create an eco-friendly fashion brand using upcycled materials."
"AI Chatbots","Customer Support",12000,"Develop AI chatbots for small business customer service."
"Podcasting","Business & Finance",5000,"Launch a podcast on startup funding and monetization strategies."
"Food Science","Plant-Based Foods",20000,"Develop and sell plant-based meat alternatives with unique flavors."
"AI & Robotics","Retail Automation",60000,"Develop an AI-powered cashierless checkout system for local grocery stores."
"Cybersecurity","IoT Security",30000,"Create a security solution to detect vulnerabilities in smart home devices."
"EdTech","AI Tutoring",25000,"Build an AI-powered tutor that adapts to student learning styles in real-time."
"AR/VR","Therapy & Wellness",50000,"Develop a VR-based exposure therapy solution for anxiety and PTSD patients."
"Blockchain","Supply Chain",40000,"Build a blockchain platform for tracking and verifying sustainable sourcing of goods."
"AI & Agriculture","Smart Farming",70000,"Develop an AI-powered soil analysis tool to optimize crop yield."
"Fashion & AR","Virtual Fashion",20000,"Create an AR-based virtual clothing try-on experience for e-commerce brands."
"AI & Music","Personalized Playlists",15000,"Develop an AI-generated music streaming service that curates playlists based on brainwave activity."
"Renewable Energy","Home Solar Optimization",60000,"Create an AI-driven solar panel efficiency optimizer for homeowners."
"Drones & Logistics","Delivery Optimization",80000,"Build a fleet of AI-powered delivery drones for urban areas."
"AI & Mental Health","Emotional AI",40000,"Create an AI-driven emotion recognition system to provide personalized mental health support."
"Personal Finance","AI Wealth Advisor",35000,"Develop an AI-powered financial advisor that helps users invest based on their spending habits."
"Gaming & AI","AI Dungeon Master",30000,"Build an AI-powered storytelling engine for RPG and tabletop gaming experiences."
"Food Tech","Smart Kitchens",45000,"Develop a smart kitchen appliance that suggests recipes based on available ingredients."
"Quantum Computing","Cryptography",90000,"Create a quantum-resistant encryption system for financial transactions."
"AI & LegalTech","Smart Contracts",50000,"Develop an AI-powered contract review platform that identifies legal risks."
"Health & AI","Personalized Supplements",60000,"Build an AI-driven platform that tailors supplement recommendations based on DNA analysis."
"AI & Translation","Real-time Subtitles",35000,"Develop an AI-powered universal translator for real-time speech conversion."
"Metaverse & Commerce","Virtual Shopping Malls",70000,"Create an immersive metaverse-based shopping experience with interactive virtual stores."
"Autonomous Vehicles","AI Traffic Management",100000,"Develop an AI-powered system for optimizing urban traffic flow using autonomous vehicles."
"Space Tech","Asteroid Mining",150000,"Create an AI-powered robotic system for mining valuable minerals from asteroids."
"AI & Fashion","On-Demand Clothing",50000,"Develop an AI-driven on-demand fashion production system that minimizes waste."
"AI & Wellness","Smart Home Meditation",30000,"Create a smart home system that adjusts lighting and sound based on stress levels."
"Blockchain & Gaming","NFT-based Rewards",40000,"Build a blockchain-powered gaming rewards system that converts in-game achievements into real-world assets."
"AI & Journalism","Automated News Generation",25000,"Develop an AI-powered news aggregator that generates unbiased reports based on multiple sources."
"Green Energy","Tidal Power",90000,"Build a small-scale tidal energy generator for coastal communities."
"AI & Virtual Assistants","Personalized AI Secretary",35000,"Create an AI assistant that manages schedules, emails, and personal productivity."
"Smart Cities","AI Waste Management",80000,"Develop an AI-driven waste collection and recycling system for urban areas."
"AI & Aging","Senior Health Monitoring",45000,"Create an AI-powered wearable device that detects early signs of age-related diseases."
"AI & Parenting","Smart Baby Monitors",30000,"Develop a smart baby monitor that uses AI to detect abnormal sleep patterns."
"Agritech","AI Bee Population Monitoring",50000,"Build an AI-powered drone network that monitors bee populations and pollination efficiency."
"AI & Education","Personalized Learning Paths",20000,"Create an AI-driven e-learning platform that adapts content based on individual progress."
"AI & Cars","Self-Healing Car Paint",60000,"Develop a nanotech-based car coating that repairs scratches automatically."
"AI & Dating","Personality Matching AI",25000,"Create an AI-driven matchmaking platform based on psychological and behavioral analysis."
"AI & Cooking","Smart Recipe Generator",15000,"Develop an AI-powered recipe generator that suggests meals based on nutrition needs and available ingredients."
"AI & Sports","AI Coach",50000,"Create an AI-powered sports coaching system that provides real-time feedback for athletes."

